user,system,elapsed
0.91,0.140000000000001,7.89999999999998
