user,system,elapsed
0.91,0.140000000000001,7.89999999999998
1,0.25,7.45999999999981
1.21,0.399999999999999,7.44000000000005
4.36,1.08,20.1299999999992
