user,system,elapsed,plot
0.0599999999999987,0,0.42999999999995,umap
0.0799999999999983,0.0999999999999996,1.05000000000007,feature
0.0700000000000003,0,0.340000000000032,violin
0,0,0.0200000000000955,dot
