user,system,elapsed
0,0,0
0,0,0.00999999999999091
0,0,0
0,0,0.180000000000291
